upper,effects,lower,ate,ate_upper,ate_lower,z_values
1.1312018804952948,0.7472424871418507,0.3632830937884065,0.8066248272301304,1.1767363488967668,0.436513305563494,0.0
1.1706805734152794,0.797744929824323,0.42480928623336656,0.8066248272301304,1.1767363488967668,0.436513305563494,1.0
1.1801027102542403,0.8107764283601071,0.44145014646597386,0.8066248272301304,1.1767363488967668,0.436513305563494,2.0
1.173079782151457,0.798917387204851,0.42475499225824503,0.8066248272301304,1.1767363488967668,0.436513305563494,3.0
1.1858229231879258,0.8258565528608984,0.465890182533871,0.8066248272301304,1.1767363488967668,0.436513305563494,4.0
1.2055797709285918,0.8408128837364648,0.4760459965443377,0.8066248272301304,1.1767363488967668,0.436513305563494,5.0
