upper,effects,lower,ate,ate_upper,ate_lower,z_values
1.1131966276002592,0.6454367104783928,0.17767679335652642,0.8066248272301304,1.1767363488967668,0.436513305563494,-1.503818981755732
1.07606568783965,0.6259423515406826,0.17581901524171523,0.8066248272301304,1.1767363488967668,0.436513305563494,-1.0442317205800289
1.1285211602016902,0.716974641860326,0.3054281235189618,0.8066248272301304,1.1767363488967668,0.436513305563494,-0.6542191829394935
1.229327058482613,0.837133621766188,0.44494018504976307,0.8066248272301304,1.1767363488967668,0.436513305563494,-0.2824733035029711
1.4344899722192876,1.0081442473152253,0.581798522411163,0.8066248272301304,1.1767363488967668,0.436513305563494,0.18425733140798425
1.3214452626675932,0.8959265031054594,0.4704077435433255,0.8066248272301304,1.1767363488967668,0.436513305563494,0.6297332406932604
1.27292566435853,0.8142086890382599,0.3554917137179899,0.8066248272301304,1.1767363488967668,0.436513305563494,1.087597923167437
1.3621120905966073,0.9011746078267371,0.4402371250568669,0.8066248272301304,1.1767363488967668,0.436513305563494,1.5172319645994115
