upper,effects,lower,ate,ate_upper,ate_lower,z_values
0.8313693163389813,0.328652025490822,-0.17406526535733718,0.8066248272301304,1.1767363488967668,0.436513305563494,-1.4770114661769724
0.7979423840160398,0.3162141464307501,-0.1655140911545397,0.8066248272301304,1.1767363488967668,0.436513305563494,-1.0538030631384907
0.9273504756949131,0.455751961575301,-0.01584655254431111,0.8066248272301304,1.1767363488967668,0.436513305563494,-0.6653624498972724
1.3686112889297029,0.9876951857104751,0.6067790824912473,0.8066248272301304,1.1767363488967668,0.436513305563494,-0.256982233641804
1.522458623539127,1.1128957052998254,0.7033327870605237,0.8066248272301304,1.1767363488967668,0.436513305563494,0.16602306994696003
1.5554529300849453,1.1436100597991545,0.7317671895133637,0.8066248272301304,1.1767363488967668,0.436513305563494,0.6249039298284971
1.5183647769682964,1.092292116578131,0.6662194561879655,0.8066248272301304,1.1767363488967668,0.436513305563494,1.0856522781846527
1.6101265594276164,1.1825900171179735,0.7550534748083306,0.8066248272301304,1.1767363488967668,0.436513305563494,1.5260249743829606
