upper,effects,lower,ate,ate_upper,ate_lower,z_values
0.8764562829056106,0.14654693207549585,-0.5833624187546189,0.682129985965369,1.206505350087733,0.15775462184300504,-1.503818981755732
0.9297228140662775,0.20639584321356855,-0.5169311276391405,0.682129985965369,1.206505350087733,0.15775462184300504,-1.0442317205800289
1.036167334965795,0.41342890939072174,-0.20930951618435134,0.682129985965369,1.206505350087733,0.15775462184300504,-0.6542191829394935
1.3457831968063956,0.8126302321974447,0.27947726758849367,0.682129985965369,1.206505350087733,0.15775462184300504,-0.2824733035029711
1.5893523753806817,1.0382123975086723,0.4870724196366629,0.682129985965369,1.206505350087733,0.15775462184300504,0.18425733140798425
1.510785320165729,0.973413875799629,0.43604243143352894,0.682129985965369,1.206505350087733,0.15775462184300504,0.6297332406932604
1.4690706488092924,0.8862776575149214,0.3034846662205505,0.682129985965369,1.206505350087733,0.15775462184300504,1.087597923167437
1.5918630256638675,0.9917068550079047,0.39155068435194174,0.682129985965369,1.206505350087733,0.15775462184300504,1.5172319645994115
