upper,effects,lower,ate,ate_upper,ate_lower,z_values
0.38607387930036646,-0.1417926527815941,-0.6696591848635547,-0.14468878437295662,0.36658821769133043,-0.6559657864372437,0.0
0.35521473380773405,-0.18349720803896974,-0.7222091498856735,-0.14468878437295662,0.36658821769133043,-0.6559657864372437,1.0
0.32279510679026874,-0.17545244293088863,-0.6736999926520459,-0.14468878437295662,0.36658821769133043,-0.6559657864372437,2.0
0.3622753964042879,-0.15353797854879153,-0.6693513535018709,-0.14468878437295662,0.36658821769133043,-0.6559657864372437,3.0
0.3871635063875791,-0.08536742687875698,-0.5578983601450931,-0.14468878437295662,0.36658821769133043,-0.6559657864372437,4.0
0.36213520327347326,-0.11828715735920797,-0.5987095179918892,-0.14468878437295662,0.36658821769133043,-0.6559657864372437,5.0
