upper,effects,lower,ate,ate_upper,ate_lower,z_values
1.1085111268418102,0.6487169458121415,0.18892276478247277,0.7938101990691026,1.1633926135074613,0.4242277846307439,-1.503818981755732
1.0759976727338654,0.6320011859477054,0.18800469916154544,0.7938101990691026,1.1633926135074613,0.4242277846307439,-1.0442317205800289
1.10024652072039,0.6838978234783981,0.2675491262364062,0.7938101990691026,1.1633926135074613,0.4242277846307439,-0.6542191829394935
1.224193672659572,0.8229368624841711,0.42168005230877026,0.7938101990691026,1.1633926135074613,0.4242277846307439,-0.2824733035029711
1.4175157887674479,0.9849505906595475,0.5523853925516471,0.7938101990691026,1.1633926135074613,0.4242277846307439,0.18425733140798425
1.303283558710247,0.8772289683910195,0.4511743780717921,0.7938101990691026,1.1633926135074613,0.4242277846307439,0.6297332406932604
1.2687628498395846,0.805863734087736,0.3429646183358875,0.7938101990691026,1.1633926135074613,0.4242277846307439,1.087597923167437
1.3503580938399669,0.8835830282115344,0.416807962583102,0.7938101990691026,1.1633926135074613,0.4242277846307439,1.5172319645994115
