upper,effects,lower,ate,ate_upper,ate_lower,z_values
0.4917966307878674,-0.06366214870913722,-0.6191209282061418,-0.14468878437295662,0.36658821769133043,-0.6559657864372437,-1.4770114661769724
0.3876862707760196,-0.17002999144924133,-0.7277462536745023,-0.14468878437295662,0.36658821769133043,-0.6559657864372437,-1.0538030631384907
0.3969981860820907,-0.14853442368397743,-0.6940670334500455,-0.14468878437295662,0.36658821769133043,-0.6559657864372437,-0.6653624498972724
0.2718808362444284,-0.2246525743188444,-0.7211859848821172,-0.14468878437295662,0.36658821769133043,-0.6559657864372437,-0.256982233641804
0.42283999231943165,-0.17371617376929532,-0.7702723398580222,-0.14468878437295662,0.36658821769133043,-0.6559657864372437,0.16602306994696003
0.48078302971022263,-0.13171982806464483,-0.7442226858395122,-0.14468878437295662,0.36658821769133043,-0.6559657864372437,0.6249039298284971
0.43197627551574613,-0.1705538652280749,-0.773084005971896,-0.14468878437295662,0.36658821769133043,-0.6559657864372437,1.0856522781846527
0.44857709356883785,-0.09952029620383435,-0.6476176859765066,-0.14468878437295662,0.36658821769133043,-0.6559657864372437,1.5260249743829606
